awardnumber,organization,name,title,abstract,section,review_section,keyword1,keyword2,keyword3,keyword4,keyword5,keyword6,keyword7,keyword8,keyword9,keyword10,keyword11,keyword12,keyword13,keyword14,keyword15,keyword16,keyword17,keyword18,keyword19,keyword20,keyword21,keyword22,keyword23,keyword24,keyword25,keyword26,keyword27,keyword28,keyword29,keyword30,keyword31,keyword32,keyword33,keyword34,keyword35,keyword36,keyword37,keyword38,keyword39,keyword40,keyword41,keyword42,keyword43,keyword44,keyword45,keyword46,keyword47,keyword48,keyword49,keyword50,keyword51,keyword52,keyword53,keyword54,keyword55,keyword56
19J20697,東京大学,戸田 賢希,地球温暖化時の大規模水循環変化のメカニズムに関する研究,地球温暖化に伴う降水の変化や大気の変化を正確に予測することは、温暖化に伴う集中豪雨や気温の上昇リスクの増大が叫ばれる昨今において非常に重要である。二酸化炭素は海面水温の変化を通じて降水や大気の変化をもたらすので、正確な予測のためには温暖化時の海面水温変化を正確に予測する必要がある。しかし、海面水温変化の正確な予測は難しく、そもそも海面水温の変化メカニズムも不明であるというのが現状である。そこで、本研究はまず海面水温変化のメカニズムを明らかにする。そしてその研究成果を用いて気候モデルの改良を行い、温暖化時の降水・大気変化の予測精度の向上を目指す。,特別研究員奨励費,小区分17020:大気水圏科学関連,地球温暖化,有効放射強制,気候フィードバック,気候感度,黒潮,海面水温,,,,,,,,,,,,,,,,,,,,,,,,,,,,,,,,,,,,,,,,,,,,,,,,,,
19J20585,東京大学,Marvin SEOW Xiang Ce,南シナ海の冬季冷舌の変動機構と影響,"During the winter in the South China Sea (SCS), situated in the Southeast Asia, a cool elongated pool extending from Hainan to Peninsular Malaysia, known as the cold tongue, forms under the prevailing northeast monsoon winds and strong SCS basin western boundary current. The SCS basin, including the cold tongue, can control the Southeast Asian climate variations. My research seeks to improve the understanding of the processes and impacts of the SCS basin and its cold tongue feature.",特別研究員奨励費,小区分17020:大気水圏科学関連,South China Sea,Air-sea coupling,Winter cold tongue,Interannual variability,Air-sea interaction,Climate dynamics,Tropical climate,Climate modes,,,,,,,,,,,,,,,,,,,,,,,,,,,,,,,,,,,,,,,,,,,,,,,,
19J13178,東京大学,矢部 いつか,海面高度データを用いた対馬暖流流路の特定と形成要因の解明,日本海を代表する海流である対馬暖流の流路は変動が大きく、日本海に点在する渦との複雑な相互作用があるため流路の形成要因については未解明な点が多い。しかしながら、対馬暖流の流路は、若狭湾、富山湾などの内湾域の流動だけでなく、魚類の回遊や卵稚仔の生存率、日本海側の降雪など我々の生活にも影響を及ぼす重要な役割を持つ。,特別研究員奨励費,小区分17020:大気水圏科学関連,日本海,対馬暖流,高気圧性渦,近慣性内部波,大気海洋相互作用,流路,海面高度データ,渦,,,,,,,,,,,,,,,,,,,,,,,,,,,,,,,,,,,,,,,,,,,,,,,,
19F19799,東京大学,山崎 大,衛星観測と河川モデルおよび水文コヒーレンス法による地下水流れの推定,近年、地下水「貯留量」の変動は重力観測衛星GRACEで観測できるようになったが、地下水「流量」の推定は観測・数値モデルともに難しく、水文学における重要課題の一つとなっている。世界最先端の全球河川モデルとと陸水衛星観測を水文コヒーレンス法で組み合わせることで、陸域水循環の未知変数である地下水流量が推定可能であると考えた。河川モデルに含まれる不確実性を河川流量や浸水域といった各種観測データを同化・更生した後に、サブ流域単位で水収支解析を行うことで残差である地下水フラックスを推定する。特に地下水流量が大きいと考えられるアマゾン川およびコンゴ川流域で詳細な解析と検証を行い、手法の妥当性を検証する。,特別研究員奨励費,小区分17020:大気水圏科学関連,water budget,remote sensing,global hydrology,,,,,,,,,,,,,,,,,,,,,,,,,,,,,,,,,,,,,,,,,,,,,,,,,,,,,
19F19024,東京大学,芳村 圭,水同位体地球システムモデルの構築及び日欧相互比較実験,本研究は、日本における地球システムモデルへの同位体物質の導入と、それを用いた日欧相互比較研究等である。そのため、地球システムモデルMIROCへの水同位体情報の導入を行い、すでに欧州で開発が進んでいるECHAM6-isoと合わせて、様々なスケールでの比較検討を行う。,特別研究員奨励費,小区分17020:大気水圏科学関連,Water isotopes,GCM,paleoclimate,MIROC,inter-comparison,data assimilation,,,,,,,,,,,,,,,,,,,,,,,,,,,,,,,,,,,,,,,,,,,,,,,,,,
20J21462,東北大学,王 心月,ハドレー循環と熱帯低気圧の数日規模の相互作用,"In this study, the synoptic-scale variations of the regional Hadley cell will be first depicted and analyzed over the tropical area by utilizing observation and reanalysis data, especially from a meridional perspective. Then its modulation effect on the initialization and intensification of the tropical cyclones will be explored. During the conduction of this project, a dataset of the deep convective cloud will be generated with machine learning method. The developed algorithm can be expected to pioneer the satellite-based nighttime retrieval of deep cloud.",特別研究員奨励費,小区分17020:大気水圏科学関連,Cloud properties,deep neural network,Deep neural network,Cloud retrieval,Himawari-8,,,,,,,,,,,,,,,,,,,,,,,,,,,,,,,,,,,,,,,,,,,,,,,,,,,
20J14034,京都大学,秋山 静佳,衛星観測に基づいた温帯低気圧に伴う豪雪帯の降水微物理構造と大気構造の解明,衛星に搭載されるマイクロ波放射計を用いた地表面降水強度推定の精度向上には，降水の高度分布や降水粒子の状態といった降水の微物理的な構造の理解や，降水がもたらされる環境場の理解が必要である．本研究では，冬季中高緯度で局所的持続的に激しい降雪をもたらす温帯低気圧の降雪帯に焦点を当てる．降水の三次元構造を観測できる衛星搭載二周波降水レーダを用いて，降水エコーの水平，高度分布を調べ，低気圧に伴った降雪帯の降水微物理構造を明らかにする．さらに，大気場の再解析データを用いて，温帯低気圧性の降雪帯が発生するメソから総観スケールの大気構造を明らかにする．,特別研究員奨励費,小区分17020:大気水圏科学関連,衛星降水観測,固体降水,降雪バンド,レーダ観測,,,,,,,,,,,,,,,,,,,,,,,,,,,,,,,,,,,,,,,,,,,,,,,,,,,,
20J11837,九州大学,藤原 圭太,西岸境界流と中緯度大気の相互作用に注目した熱帯低気圧の新たな発達プロセスの解明,熱帯低気圧(熱低)の発達には、熱低周辺の海洋からの水蒸気集積に加えて、遠隔海域からの水蒸気流入も重要である。近年の研究により、中緯度の移動性擾乱と熱低の複合作用を介して、黒潮が北西太平洋の台風強化に遠隔影響をもたらすことが示された。本研究課題は、数値実験を駆使することで、中緯度移動性擾乱が遠隔地の台風強化に与える影響の定量的評価およびメキシコ湾流と北大西洋のハリケーンにおける遠隔影響仮説の応用可能性を明らかにする。,特別研究員奨励費,小区分17020:大気水圏科学関連,台風,黒潮,大気海洋相互作用,黒潮の受動的・能動的役割,,,,,,,,,,,,,,,,,,,,,,,,,,,,,,,,,,,,,,,,,,,,,,,,,,,,
20J11246,東京大学,神野 拓哉,コールドプールの力学による雲の自己組織化機構の解明,積雲パラメタリゼーションのなかでも近年，様々な大きさの雲を，特定の確率分布に従うノイズとして扱う取り組みがある．このような背景を踏まえ，個別の雲同士の相互作用を考慮した上で積雲群と環境場とのフィードバックを定式化することを試みる．具体的には以下のような性質の数理モデルの構築を計画している．,特別研究員奨励費,小区分17020:大気水圏科学関連,積雲対流,放射対流平衡,雲解像モデル,自己組織化,カノニカルアンサンブル,,,,,,,,,,,,,,,,,,,,,,,,,,,,,,,,,,,,,,,,,,,,,,,,,,,
20J00605,お茶の水女子大学,高須賀 大輔,マッデン・ジュリアン振動の発生における経年的な間欠性とその環境要因の解明,熱帯域の中でも特に暖かい海面水温を伴うインド洋から西太平洋では、水平数千kmにわたってまとまった雲集団がゆっくり (約5m/s) 東進するマッデン・ジュリアン振動 (MJO) が顕著に見られる。広範囲の気象・気候変動に影響するMJOは、平均的には数十日間隔で発生する周期的な現象として認められるが、数年単位で見るとその発生は常には順調ではない。本研究課題では、MJOの発生状況が数年スケールでは間欠的に変動するという事実に着目し、その要因を観測データや大規模な数値シミュレーションを用いて明らかにすることで、そもそもMJOが存在すべき理由が何であるかの理解に迫る。,特別研究員奨励費,小区分17020:大気水圏科学関連,マッデン・ジュリアン振動,大気大循環,赤道波,スケール間相互作用,,,,,,,,,,,,,,,,,,,,,,,,,,,,,,,,,,,,,,,,,,,,,,,,,,,,
20J00526,名古屋大学,箕輪 昌紘,カービング氷河の急速な質量損失メカニズム：現地データに基づいた数値モデリング,海や湖流れ込む氷河(カービング氷河)は世界各地で急速に後退している.これまでに現地観測を実施しカービング氷河の基盤地形や，カービング津波の測定による個々のカービング現象，長期間にわたるタイムラプスによる氷河変動の記録，氷河湖の水温・流速の測定などデータを取得してきた．本研究ではこれらのデータを駆使して詳細にわたる氷河後退メカニズムを解析する.さらに氷河流動モデルを用いて明らかになった後退メカニズムについて数値モデル化を行い氷河変動の将来予測の向上に貢献する．また，後退メカニズム解明の為の，一部現地データが不足している為，南米の氷河での現地観測を実施する．,特別研究員奨励費,小区分17020:大気水圏科学関連,カービング氷河,,,,,,,,,,,,,,,,,,,,,,,,,,,,,,,,,,,,,,,,,,,,,,,,,,,,,,,
21J13304,東京大学,堀田 陽香,全球雲解像モデルを用いた微物理過程に基づく氷雲ーエアロゾル相互作用の解明,雲粒や氷晶の核として働くエアロゾルは、雲の放射・降水特性ひいては寿命・量を変える。氷雲とエアロゾルの相互作用には様々なメカニズムが複雑に絡むため、その全球的な影響を正確に評価できていない。本研究は、あらゆるタイプの雲について雲とエアロゾルの相互作用を陽に解く、全球雲解像モデルNICAMの開発を行う。衛星観測から全球的に得られる雲とエアロゾルの統計関係について、NICAMの出力結果を用いて雲微物理に基づいた解釈を行う。,特別研究員奨励費,小区分17020:大気水圏科学関連,雲,エアロゾル,気候モデル,,,,,,,,,,,,,,,,,,,,,,,,,,,,,,,,,,,,,,,,,,,,,,,,,,,,,
21J12026,北海道大学,塚田 大河,新世代気象衛星を用いた台風内部コア領域の風速推定手法開発と台風の変動過程の解明,世界的な課題である台風強度予測の精度向上には，台風強度推定の精度向上が不可欠である。現在，現業における台風強度推定は経験的な手法に頼っており，時事刻々変化する台風強度の物理的推定には限界がある。,特別研究員奨励費,小区分17020:大気水圏科学関連,台風,気象衛星,,,,,,,,,,,,,,,,,,,,,,,,,,,,,,,,,,,,,,,,,,,,,,,,,,,,,,
21J11266,東京大学,山崎 一哉,雲システムの階層構造の存在理由に関する数理的研究,地球大気には様々なスケール（広がり）を持った多数の気象現象が起き、互いに影響を及ぼしあっている。個々の積雲の小さなスケールから全球スケールまでを全て明示的に取り扱って、数十年にわたる気候計算をするのは計算量が膨大になるため困難である。そこで、小スケールと大スケールとを別々に扱って計算量を抑え、かつ両者の整合性を保つマルチスケールモデリングの手法確立を目指す。さらに、マルチスケールモデリングの考え方を応用して、個々の現象の本質をミクロ・マクロスケール間の相互作用の観点から明らかにすることを目指す。,特別研究員奨励費,小区分17020:大気水圏科学関連,数値シミュレーション,気候モデル,雲解像モデル,赤道ケルビン波,,,,,,,,,,,,,,,,,,,,,,,,,,,,,,,,,,,,,,,,,,,,,,,,,,,,
21J10287,東京大学,岩切 友希,多年ラニーニャ現象の持続メカニズムと予測可能性,熱帯東部太平洋の海面水温偏差異常で特徴づけられるエルニーニョ・南方振動は，経年スケールにおける最大の気候変動であり全球に極端現象を引き起こすことから，そのメカニズムや予測スキルの調査は重要である．近年の研究からラニーニャ現象の多くは2年間以上持続する多年イベントであることが指摘されているものの，発生メカニズムや予測可能性に関しては未解明である．本研究では3次元気候再解析データから多年ラニーニャ現象の発生メカニズムや延長予測可能性を調査する．さらに結合モデル相互比較計画に参画する気候でモデルを用いて，メカニズムの妥当性や気候モデル間のばらつきに関して検討する．,特別研究員奨励費,小区分17020:大気水圏科学関連,多年性ENSO,,,,,,,,,,,,,,,,,,,,,,,,,,,,,,,,,,,,,,,,,,,,,,,,,,,,,,,
22KJ3198,国立研究開発法人海洋研究開発機構,佐久間 杏樹,陸成炭酸塩のレアアイソトープを用いた新規化学指標の開発と始新世アジアの古気候復元,海洋における古気候記録に比べて、陸上における過去の降水量や気温は評価方法が乏しく困難である。近年では、陸上で沈殿する炭酸塩の新規同位体が気候指標として注目されているが、存在度の小さい同位体の分析は従来の質量分析計を用いた分析は困難であり、研究例は限られている。本研究では、新たに赤外レーザー分光法を用いた炭酸塩の17O存在度異常(Δ17O)の測定方法を確立し、現世炭酸塩を用いてΔ17O－湿度の関係式を構築し、湿度の指標としての有用性を検証する。,特別研究員奨励費,小区分17020:大気水圏科学関連,炭酸塩,中赤外レーザー分光装置,レアアイソトープ,中赤外レーザー分光,17O存在度異常,淡水成炭酸塩,,,,,,,,,,,,,,,,,,,,,,,,,,,,,,,,,,,,,,,,,,,,,,,,,,
22KJ3115,埼玉県環境科学国際センター,山上 晃央,夏季の北極低気圧の理解と短期～季節内スケールの北極大気予測精度向上に関する研究,北極域における大気・海洋・海氷現象の理解と正確な予測は、科学的・社会的な要請が強い。本研究では、北極域の顕著現象である北極低気圧の発達・維持プロセスの理解を軸として、大気・海洋・海氷相互作用、極域と中緯度との相互作用、エネルギー・淡水・物質循環構造の変化などの理解を進め、数日から数ヶ月の予測精度向上を目指す。そのために、気象庁数値予報システムを用いた大気・海洋・海氷結合予測実験の結果および世界の気象機関が提供しているアンサンブル予報デ ータなどを組み合わせて、各時間スケールの予測可能性の要因の理解や大気・海洋・海氷結合プロセスなどについて調査し、北極大気の予測可能性向上に資する研究を行う。,特別研究員奨励費,小区分17020:大気水圏科学関連,北極低気圧,大気海洋結合過程,中高緯度相互作用,エアロゾル,,,,,,,,,,,,,,,,,,,,,,,,,,,,,,,,,,,,,,,,,,,,,,,,,,,,
22KJ1966,京都大学,中下 早織,アンサンブル感度解析を用いた熱帯低気圧進路の予測可能性に環境場が与える影響の解明,熱帯低気圧に代表される熱帯・亜熱帯の総観規模からメソスケールの擾乱は、水蒸気が持つ潜熱を主な駆動源として発生・発達する。また日本近海は海洋起源の湿潤な空気と大陸起源の乾燥した空気の境界にあたり、水蒸気の構造が時空間的に大きく変動する。本研究では、このような水蒸気変動がもたらす大気の誤差成長の特性を、水蒸気変動と擾乱の双方を高精度に再現できるアンサンブルデータ同化システムを利用して明らかにする。さらにアンサンブル予報に対する感度解析から誤差成長の要因を特定することで、擾乱の発生・発達に対する予測精度を向上させるための知見を示す。,特別研究員奨励費,小区分17020:大気水圏科学関連,誤差成長,熱帯・亜熱帯擾乱,水蒸気変動,階層構造,アンサンブル感度解析,アンサンブルデータ同化,熱帯低気圧,亜熱帯擾乱,,,,,,,,,,,,,,,,,,,,,,,,,,,,,,,,,,,,,,,,,,,,,,,,
22KJ1498,信州大学,関 有沙,中新世日本海の古海洋変動復元による、短周期気候変動の要因解明,本研究では、ラミナ構造を持つ日本海堆積物を用いて日本海中新世の古海洋環境変動を復元し、ラミナ堆積物の生成要因となった短周期(千年スケール)気候変動の要因を解明することを目的とする。具体的には、IODP(統合国際深海掘削計画)で掘削された日本海海底堆積物コア(Site U1425・U1430)と、陸上露頭の日本海堆積物を用いて、XRFコアスキャナー等による堆積物の化学分析と貝形虫等の微化石の群集解析・殻の化学分析により、異なる水深の海洋底層環境を復元し、海洋の鉛直構造を考察する。,特別研究員奨励費,小区分17020:大気水圏科学関連,日本海,中新世,古気候,古海洋,XRFコアスキャナー,ITRAX,マイクロXRFマッピング,堆積物,石灰質微化石,,,,,,,,,,,,,,,,,,,,,,,,,,,,,,,,,,,,,,,,,,,,,,,
22KJ1464,金沢大学,大野 耕平,原子間力顕微鏡を用いた個別粒子測定による超付着性エアロゾルの起源および特性解明,本研究では有機物を大量に含む海洋起源エアロゾル、中でも海表面マイクロ層（SML）とその成分が濃縮した波の花に由来するエアロゾルに着目して、大気環境中における粒子の状態を評価し、その付着挙動を解明することを目的とする。波の花は強風により大気中へ拡散し、沿岸域の鉄やコンクリート製のインフラ設備などの表面に付着することで塩害の原因になると考えられている。また有毒な藻類由来の波の花が大気中へ放出された際は、その粒子を吸引することによる人体の健康リスクが懸念される。本研究はこれらの粒子が建造物へ沈着した際の塩害の原理や程度の検討、人体への影響の解明に役立つものと期待される。,特別研究員奨励費,小区分17020:大気水圏科学関連,エアロゾル,付着力,物性,原子間力顕微鏡,海洋起源エアロゾル,波の花,,,,,,,,,,,,,,,,,,,,,,,,,,,,,,,,,,,,,,,,,,,,,,,,,,
22KJ0600,東京大学,佐々木 雄亮,拡散型二重拡散対流がもたらす海洋大循環・気候への影響の解明,本研究では、海洋の循環を駆動し気候や生態系にも影響を及ぼす海洋内部での鉛直混合過程の一つである、拡散型二重拡散対流と呼ばれる現象に着目する。拡散型二重拡散対流は、上層に低温低塩分な水が存在する南大洋域や北極海、北太平洋亜寒帯域で起こる可能性があるが、鉛直熱輸送の定量化に必要な鉛直微細構造の観測のデータが不足しているため、実態は今まで明らかになっていなかった。本研究では該当海域における微細構造観測のデータや直接数値計算(DNS)を用いた解析を通して、「水平流速に弱い鉛直シアが存在する場合、従来の想定よりも広範に拡散型二重拡散対流が発生し、鉛直の熱輸送に寄与し得る」という仮説の検証を行う。,特別研究員奨励費,小区分17020:大気水圏科学関連,二重拡散対流,乱流,,,,,,,,,,,,,,,,,,,,,,,,,,,,,,,,,,,,,,,,,,,,,,,,,,,,,,
22KJ0587,東京大学,奥井 晴香,高解像度大気大循環モデルを用いた中層大気における南北半球間結合のメカニズムの解明,地球の中性大気全体にあたる地表から下部熱圏までを含み、小さな時空間スケールを持つ大気重力波をも解像できる大気大循環モデルを用いて、複数年の北半球冬季の再現実験を実施する。この結果を用いて、大気波動と平均流、および波動間の相互作用の定量的解析を行う。これにより、全球の中層大気の力学現象を、各波の寄与や3次元的構造、変動の時間スケール、事例依存性を含めて明らかにする。また、南極大型大気レーダーPANSY等のレーダーネットワークデータや、衛星データを活用し、モデル実験の結果を検証することで、モデルの再現性向上を目指す。中層大気全域における大気重力波の振る舞いと役割についても定量的に調べる。,特別研究員奨励費,小区分17020:大気水圏科学関連,中層大気,大気重力波,大気力学,大気大循環モデル,プラネタリー波,テレコネクション,衛星観測,成層圏突然昇温,スペクトル解析,,,,,,,,,,,,,,,,,,,,,,,,,,,,,,,,,,,,,,,,,,,,,,,
22KJ0093,北海道大学,古川 圭介,中期更新世遷移期(MPT)の原因に関する新仮説「水蒸気増大仮説」の検証,本研究は、MPTと呼ばれる期間（過去120~70万年前）で氷期-間氷期サイクルが4万年周期から10万年周期へと移り変わったイベントの原因に対する独自の新仮説（北太平洋海水温の温暖化によって水蒸気供給量が増加したことで、氷期における氷床発達が強化し、サイクル周期が長期化したという仮説）を検証するものである。,特別研究員奨励費,小区分17020:大気水圏科学関連,古水温復元,氷期ー間氷期サイクル,北太平洋亜寒帯域,,,,,,,,,,,,,,,,,,,,,,,,,,,,,,,,,,,,,,,,,,,,,,,,,,,,,
22KJ0042,北海道大学,松田 拓朗,南極周極流のメソスケール現象が子午面循環に及ぼす影響とその力学機構の解明,南極周極流の海流-地形相互作用と中規模渦が子午面循環に与える影響を検証する。今日までの研究からメソスケール現象が子午面循環の維持に重要な役割を果たすと考えられているが、物理的にどのようなプロセスで子午面循環を維持しているのかについては統一的な見解は得られていない。また、海流と地形の相互作用も同様に重要である可能性が指摘されているものの、その物理プロセスは未解明であり、気候の将来予測を行う上でブラックボックスとなっている。本研究は南極周極流域における子午面循環の物理を明らかにすることで、今後生じえる気候変動・気候変化とそれを支配するメカニズムを解明することを目指す。,特別研究員奨励費,小区分17020:大気水圏科学関連,南極周極流,南大洋,順圧モデル,中規模渦,渦飽和,KdV方程式,共鳴波動,非線形物理,子午面循環,気候変動・気候変化,,,,,,,,,,,,,,,,,,,,,,,,,,,,,,,,,,,,,,,,,,,,,,
22KF0312,熊本大学,GOWAN EVAN・JAMES,過去20万年の古地形ならびに氷床変化の東アジア気候に及ぼす影響,"I will work on writing papers for the results I have obtained during the past year. I am planning to write two papers, one on modelling sea level in Greenland, the other on paleotopography reconstructions of Kikaijima in the Ryukyu Islands. I am also planning to complete reconstructions of past ice sheets in Europe for the past 40,000 years, which is part of a long term project I have been involved with in collaboration with researchers in Great Britain and Norway. Finally, I will get climate modelling results for assessing the eastern Asian monsoon 20,000 years ago, which I will analyze.",特別研究員奨励費,小区分17020:大気水圏科学関連,paleoclimate,climate change,East Asian Monsoon,sea level,Greenland,ice sheets,data compilation,database,Antarctica,Asian Monsoon,climate modeling,data archiving,climate variability,paleotopography,,,,,,,,,,,,,,,,,,,,,,,,,,,,,,,,,,,,,,,,,,
22KF0010,北海道大学,藤原 正智,気候変動における火山噴火影響と自然変動シグナルの同定と分離,"The aim of this research project is to improve our understanding of the climate response to volcanic eruptions by conducting several numerical experiments using a global climate model. This project will focus on (a) the role of strong tropical and high latitude eruptions in modifying atmospheric circulation, (b) the role of the background initial conditions of the equatorial Pacific surface temperature and the stratospheric circulation at the time of the eruption, and (c) understanding the volcanically induced low-to-high latitude teleconnections.",特別研究員奨励費,小区分17020:大気水圏科学関連,climate,volcanic eruption,climate modeling,numerical experiments,El Nino,La Nina,ENSO,NAO,Southern Oscillation,,,,,,,,,,,,,,,,,,,,,,,,,,,,,,,,,,,,,,,,,,,,,,,
22J00870,国立極地研究所,山崎 開平,東南極沖の風成循環が担う深層水輸送の解明,南極海は太平洋・大西洋・インド洋を繋ぐ唯一の海域であり、全球海洋循環の中枢である。近年、南極氷床の融解に伴う海面上昇が取り沙汰されているが、融解を引き起こすの熱の主なソースが、南極海の深層水である。近年、地球温暖化に伴って南半球の偏西風は強化しており、この強制力によって深層水の大陸棚への流入量が増加する可能性が指摘されている。したがって、深層水の輸送メカニズムを理解することは、将来気候や海面上昇の正確な予測のために不可欠である。本研究では、現場海洋観測をベースとして、地球温暖化に伴う風の強化が、暖かい深層水の大陸棚への流入をどこで・どれぐらい変動させるかについて、定量的知見を得ることを目指す。,特別研究員奨励費,小区分17020:大気水圏科学関連,南極海,海洋温暖化,海洋乱流,氷床融解,,,,,,,,,,,,,,,,,,,,,,,,,,,,,,,,,,,,,,,,,,,,,,,,,,,,
22F22012,北海道大学,藤原 正智,気候変動における火山噴火影響と自然変動シグナルの同定と分離,,特別研究員奨励費,小区分17020:大気水圏科学関連,,,,,,,,,,,,,,,,,,,,,,,,,,,,,,,,,,,,,,,,,,,,,,,,,,,,,,,,
23KJ2220,富山大学,沢田 輝,深海熱水系を通じた海洋環境の難水溶性重元素組成変動,蛇紋岩化反応はマントルを構成する超苦鉄質岩と水の低温での反応であり、地球を始めとする岩石惑星で最も一般的な熱水変質作用の1つである。蛇紋岩化反応に伴って生じる特異的な元素分別や鉱物形成の理解によって、岩石惑星の表面付近における水の挙動をより深く理解することが可能になる。本研究では特にジルコニウムZrとハフニウムHfという通常の熱水変質作用では反応しにくいものの蛇紋岩化反応に伴ってしばしば溶解や再沈殿の起きている元素の挙動に注目し、深海底の蛇紋岩海山および日本列島各地の陸上に見られる蛇紋岩を含む地質体で岩石試料と水試料を採集し、ZrとHfをはじめとする微量成分の分析を行う。,特別研究員奨励費,小区分17020:大気水圏科学関連,蛇紋岩,ジルコニウム,アンチゴライト,リザーダイト,方解石,霰石,炭酸塩,海山,,,,,,,,,,,,,,,,,,,,,,,,,,,,,,,,,,,,,,,,,,,,,,,,
23KJ2168,気象庁気象研究所,岩切 友希,熱帯気候変動の力学および季節予報モデルによる延長予測可能性,現在気候において最も大きな気候変動であるエルニーニョ・南方振動（ENSO）は社会に大きな影響を与える。ENSOの力学的な予測は1990年代に日本の現業機関により運用されたものの予測スキルは１年未満であり、気候予測の情報は十分に社会で活用されてはいるとは言えない。本研究ではENSOを含めた熱帯気候変動の力学を調査することで１年を超える予測スキルを探求する。特に近年注目されている多年性ENSOはその長期的な持続性から鍵であると考えれる。本研究課題では現業モデルを含めた複数の季節予測を活用することでこれらの問題に取り組む。,特別研究員奨励費,小区分17020:大気水圏科学関連,予測可能性,延長季節予測,多年性ラニーニャ現象,,,,,,,,,,,,,,,,,,,,,,,,,,,,,,,,,,,,,,,,,,,,,,,,,,,,,
23KJ2144,国立極地研究所,吉田 淳,南極・北極における海洋起源の氷晶核の直接観測,急激な気候変動が進む南極・北極域において、氷の雲粒の核となる氷晶核は放射エネルギー収支において重要な役割を果たす。したがって、極域における氷晶核の起源や動態を理解することが求められている。本研究は極域における海洋起源の固体粒子が氷晶核として働いているのかどうかを明らかにする。そのために、南極域・北極域での船舶観測時に海水・大気中の固体粒子を採取して、それらの成分や濃度の測定を行い、海洋から大気中へ放出される様々な種類の固体粒子と氷晶核の濃度の対応関係を定量的に調査する。,特別研究員奨励費,小区分17020:大気水圏科学関連,海水粒子,氷晶核,エアロゾル,極域,,,,,,,,,,,,,,,,,,,,,,,,,,,,,,,,,,,,,,,,,,,,,,,,,,,,
23KJ1286,京都大学,青木 俊輔,沿岸山岳域における降水メカニズムの決定要因と水循環への寄与の解明,沿岸域の降水は、海陸の地表面加熱差や海岸山脈の地形効果のような、海陸の境界領域に特有の因子により引き起こされている。近年、沿岸山岳域で起こる多量の降水が、全球の海陸水循環において重要な役割を果たしていると指摘されている。本研究では、気象数値モデルや長期間の衛星観測データを活用して、沿岸山岳域の降水メカニズムを決定する環境場の条件を明らかにするとともに、水循環に対して沿岸山岳域の降水メカニズムがどのように関わっているのかを、全球的な視点から明らかにする。,特別研究員奨励費,小区分17020:大気水圏科学関連,沿岸降水,衛星観測,レーダ,日周期変化,線形理論,海陸風,,,,,,,,,,,,,,,,,,,,,,,,,,,,,,,,,,,,,,,,,,,,,,,,,,
23KJ1088,名古屋大学,DING Weitian,三酸素同位体異常を指標に用いた土壌に放出される一酸化二窒素の新しい成因解析法開発,一酸化二窒素 (N2O) は、二酸化炭素、メタンに次ぐ長寿命温室効果気体であり、最も主要な成層圏オゾン破壊物質である。近年大気中のN2O濃度は、年々増加している。農地や森林域などの土壌環境より放出されるN2O放出量は、全N2O放出量の5&#12316;7割程度を占める。そのため、土壌からのN2O放出量を削減する上でも土壌環境内におけるN2Oの生成メカニズムを把握することは極めて重要である。本申請研究は、世界初土壌から放出されたN2Oの三酸素同位体異常(Δ17O)を観測し、硝化や脱窒によって土壌から生成されたN2Oの寄与率を求め、土壌内部における窒素循環に対する理解を深め、温室効果ガスの削減に期待する。,特別研究員奨励費,小区分17020:大気水圏科学関連,温室効果ガスN2O,生成メカニズム,三酸素同位体異常,,,,,,,,,,,,,,,,,,,,,,,,,,,,,,,,,,,,,,,,,,,,,,,,,,,,,
23KJ0980,東京海洋大学,DURAN GOMEZ Gloria Sil,黒潮におけるマルチスケール栄養塩供給メカニズムと海洋生態系への影響に関する研究,1.黒潮による混合のホットスポットで、直接的にプランクトンなどの低次生態系と乱流混合、渦の影響を観測によって捉える点,特別研究員奨励費,小区分17020:大気水圏科学関連,Kuroshio Current,Yakushima Island,ROMS,In-situ observations,Submesoscale eddies,Nutrient inputs,Ecosystem dynamics,,,,,,,,,,,,,,,,,,,,,,,,,,,,,,,,,,,,,,,,,,,,,,,,,
23KJ0744,東京大学,佐藤 瞭,北太平洋上のテレコネクションのメカニズムの解明,北太平洋上に現れるテレコネクションパターンには様々なものが知られているが，それらの形成・維持メカニズムはこれまで個別に調査されてきた。再解析データやモデル実験データを用いた構造的・時間的特徴の系統的な調査，エネルギー収支解析等の力学診断による形成・維持メカニズムの包括的な理解により，同地域のテレコネクションを統一的に理解する。さらに，同様の解析を大規模アンサンブルデータセットd4PDFやCMIP6モデル実験データに対して行い，駆動源や背景場の違いが卓越テレコネクションパターンの振る舞いに与える影響についても調査する。,特別研究員奨励費,小区分17020:大気水圏科学関連,テレコネクション,,,,,,,,,,,,,,,,,,,,,,,,,,,,,,,,,,,,,,,,,,,,,,,,,,,,,,,
23KJ0495,東京大学,國吉 優太,氷期-間氷期サイクルにおける大気-海洋-海氷-氷床相互作用システムの研究,過去100万年間の気候は、数万年スケールの北半球氷床の拡大-縮小と、数千年スケールの急激な気候変動を繰り返し、人類の移動や文明の盛衰に大きな影響を与えてきた。数千年スケールの気候変動は、グローバルな海洋深層水循環の強さが急激に変化することに起因していると考えられている。しかし、その海洋循環の変化の要因が氷床融解水の流出によるのか、大気海洋系の内部変動の一種なのか長年議論が続いており、気候システムの本質的理解の鍵となっている。本研究では、数値気候モデルシミュレーションによって、海洋循環の強さが急激に変化してきたメカニズムや、北半球氷床分布の変化と海洋循環の変化の相互作用の解明に取り組む。,特別研究員奨励費,小区分17020:大気水圏科学関連,古気候モデリング,氷期,気候変動,海洋深層水循環,,,,,,,,,,,,,,,,,,,,,,,,,,,,,,,,,,,,,,,,,,,,,,,,,,,,
23KJ0454,東京大学,中山 盛雄,傾圧環状モード変動の力学とそれに関わる大気海洋海氷相互作用の包括的研究,移動性高低気圧擾乱は，日本を含む中緯度地域にて繰り返し発達し，周辺天候に大きく影響する他，熱や水蒸気等の南北輸送の担い手として，気温構造など気候系全体の形成・維持に本質的に関わる．本研究では、移動性高低気圧を含む中緯度波動擾乱の活動度が周期約25日の準周期性を伴いつつ半球規模で強弱を繰り返す「傾圧環状モード変動」に着目する．依然未解明な点が多い変動の実態やメカニズム，及び地表天候への影響をその将来変化を含め記述するとともに，気象・気候予測の精度向上に資する情報を提供することを目指す．,特別研究員奨励費,小区分17020:大気水圏科学関連,気候力学,移動性高低気圧,傾圧環状モード変動,中緯度大気海洋相互作用,,,,,,,,,,,,,,,,,,,,,,,,,,,,,,,,,,,,,,,,,,,,,,,,,,,,
23KJ0250,筑波大学,倉持 将也,熱帯－中高緯度相互作用から紐解く冬季東アジアの気候変動の全容解明,異常気象の理解と予測精度向上に向けて、冬季東アジアモンスーン変動機構の解明を目的とする。冬季東アジアモンスーンの一翼を担うアリューシャン低気圧に着目し、全球再解析データを用いて、その変動性や日々の移動性低気圧との関連について解析を行う。等温位面で定義される対流圏中上層のラグランジュ的運動を記述する上層暖気質量フラックスに関する定式化と力学構造の解明を進めた上で、アリューシャン低気圧変動の解析への適応し物理過程を考察する。また、熱帯海洋大陸付近の積雲対流活動によって強制される遠隔影響パターンについて、季節内スケールで移動する積乱雲群との関係についてデータ解析および数値実験から明らかにする。,特別研究員奨励費,小区分17020:大気水圏科学関連,気候変動,異常気象,テレコネクション,大気大循環,加重付等温位面平均,熱帯－中高緯度相互作用,,,,,,,,,,,,,,,,,,,,,,,,,,,,,,,,,,,,,,,,,,,,,,,,,,
23KJ0198,東北大学,西平 楽,太平洋高気圧が駆動する夏季北太平洋の長期変化および海洋熱波への影響の解明,夏季北太平洋を覆う太平洋高気圧の変動は、降水や台風の経路、表層海洋循環など、日本周辺を取り巻く環境に広く影響を及ぼすが、その強度や位置の長期変化については未だ明らかにされていない。加えて近年では「海洋熱波」とよばれる、海面水温の異常高温が継続する現象が夏季の北太平洋沿岸を中心に頻発しており、水産資源の確保の面で人間社会に多大な影響を及ぼしている。本研究課題では、観測データを用いた解析と、海洋モデルによる数値実験によって、夏季の太平洋高気圧の長期変化と、それに付随する海洋熱波の頻度や強度変化を解明し、その将来変化を提示する。また、太平洋高気圧の拡張性と海洋熱波の頻発を結びつける新たな解釈を示す。,特別研究員奨励費,小区分17020:大気水圏科学関連,海洋熱波,モード水,太平洋高気圧,,,,,,,,,,,,,,,,,,,,,,,,,,,,,,,,,,,,,,,,,,,,,,,,,,,,,
23KJ0136,東北大学,小原 涼太,寒気のせき止めがもたらす気象災害の系統的理解を通じた予測向上への挑戦,南北に連なる山脈の東側で寒気がせき止められ、南向きに寒気を伴う高圧部が張り出すCold-Air Damming (CAD)と呼ばれる現象が関東地方の大雨や大雪に影響し得ることが近年明らかになりつつある。本研究は、CADに伴う大雨(大雪)のメカニズム理解と予測向上による被害軽減への貢献を目指す。そのために、長期観測データを用いた統計解析と気象庁現業モデルを用いた数値的研究を行い、関東地方の極端気象に対するCADの影響を定量的に明らかにするとともに、現状の数値予測精度を評価し、高解像度化や物理過程モデルの違いが予測向上にもたらすインパクトを調査する。,特別研究員奨励費,小区分17020:大気水圏科学関連,Cold-Air Damming,大雨予測,予測向上,数値モデル,メカニズムの理解,,,,,,,,,,,,,,,,,,,,,,,,,,,,,,,,,,,,,,,,,,,,,,,,,,,
23KJ0037,北海道大学,近藤 誠,雷を直接計算する気象雷モデルによる突風現象に先行する雷活動激化の解明,竜巻やダウンバーストといった突風現象の発生に先行して雷活動が激化するLightning Jump(LJ)が報告されているが、雷に重要な雪と霰の帯電過程と輸送の観測は困難であり、雷と突風の間の物理過程の直接的な解明はなされていない。そこで本研究では、雷を直接計算できる気象雷モデルを用いてLJの物理過程を解明することを目的とする。さらに気象雷モデルに新たに「対地・雲内放電を考慮した放電計算」を実装することで雲内の電荷分布と放電過程を踏まえたLJの時間発展の詳細な解明を行う。,特別研究員奨励費,小区分17020:大気水圏科学関連,雷,ダウンバースト,気象雷モデル,雲微物理,,,,,,,,,,,,,,,,,,,,,,,,,,,,,,,,,,,,,,,,,,,,,,,,,,,,
23KF0161,気象庁気象研究所,川畑 拓矢,大アンサンブルを用いた数理手法による豪雨メカニズム解明研究,近年、豪雨による災害が各地で頻発し、豪雨メカニズムの解明が重要な課題となっている。従来のメカニズム解明研究は、研究者それぞれの背景知識の範囲で実施され、「主観的な」要素が大きく、要因の重要度を決定することが困難という問題がある。したがって、定量的な推定を行う「客観的」分析が望まれている。本研究は1000アンサンブルシミュレーションに対して、数学的なアプローチを適用して客観的に要因を抽出し、優先順位をつける解析を行う。これにより「客観的」に豪雨発生メカニズムへの理解を深め、かつこれまで知られていなかった新たな知見を生み出すことが期待される。,特別研究員奨励費,小区分17020:大気水圏科学関連,アンサンブル,摂動ランク,感度解析,確率予測,,,,,,,,,,,,,,,,,,,,,,,,,,,,,,,,,,,,,,,,,,,,,,,,,,,,
23KF0056,愛媛大学,郭 新宇,黒潮流域における流れと地形の相互作用に起因する内部波と乱流混合,"Turbulent mixing plays an important role in the ocean because it considerably affects climate and ecosystems. However, the underlying mechanisms are not fully understood. This study focuses on the Kuroshio region where intense flow-topography interaction occurs. By combining numerical modeling and observations, we intend to clarify the mechanisms responsible for how the flow-topography interaction generates internal waves and mixing. The outcomes will provide essential implications on mixing parameterizations, which is beneficial to predicting the long-term variation of climate.",特別研究員奨励費,小区分17020:大気水圏科学関連,トカラ海峡,黒潮,内部潮汐,乱流混合,内部波,,,,,,,,,,,,,,,,,,,,,,,,,,,,,,,,,,,,,,,,,,,,,,,,,,,
24KJ1551,京都工芸繊維大学,中井 大,ホログラフィック降水粒子観測システムを用いた乱流場における粒子併合促進効果の解明,雲粒の併合は雨滴形成の重要な素過程であり、これまで層流中の現象の詳細やその統計量が研究されてきた。しかし、乱流中の雲粒併合は特に実験的な観測が困難であり、直接数値シミュレーションで示された併合促進効果について広い条件での検証には至っていない。本研究では、インラインホログラフィによる３次元粒子追跡によって広い直径範囲の水滴の衝突効率を定量し、そのミクロな現象を可視化する。本研究は、雲微物理過程のより正確な理解や雲解像モデル・気候モデルの性能向上に貢献すると期待される。,特別研究員奨励費,小区分17020:大気水圏科学関連,,,,,,,,,,,,,,,,,,,,,,,,,,,,,,,,,,,,,,,,,,,,,,,,,,,,,,,,
24KJ1464,京都大学,吉川 浩一朗,WR-LESモデルの開発と時間変化する波の下でのLangmuir乱流の数値実験,海洋の波が引き起こすラングミュア乱流は、海洋表層で風以上に強いかき混ぜ(乱流混合)を引き起こすことが指摘されており、その適切な影響の見積もりは、海洋大循環モデルの改善、ひいては気象・気候の予測の改善に必要である。従来の研究では、波が時間変化しないことを前提としてラングミュア乱流の影響を評価していたが、現実で起きうる波の発達・減衰のような時間変化の影響については十分に理解されていない。そこで本研究では、波が時間変化する下でのラングミュア乱流を再現する独自のモデルを開発し、現実的な環境下でのラングミュア乱流の影響を評価する。,特別研究員奨励費,小区分17020:大気水圏科学関連,,,,,,,,,,,,,,,,,,,,,,,,,,,,,,,,,,,,,,,,,,,,,,,,,,,,,,,,
24KJ1340,京都大学,漁野 光紀,無限個の保存量を考慮した2次元乱流のパターン形成・崩壊の研究と地球流体への応用,地球上の全球規模の大気の流れなど、水平スケールに対して鉛直スケールが非常に小さい流れは、2次元流体として近似することができる。2次元流体においては、乱流状態を経た後に大規模なパターン構造が現れることが知られており、成層圏の極渦など地球流体における特徴的な流れとの関連があると考えられる。他方、非粘性・非圧縮2次元流体の系は無限個の保存量を持つことが知られている。だが、無限個の保存則を扱うことの難しさから、2次元流体のパターン構造に関する先行研究では不完全にのみ保存則が考慮されてきた。本研究では、理論と数値計算の両面において、完全な保存則の扱いの下でパターン構造の形成・崩壊の研究を行う。,特別研究員奨励費,小区分17020:大気水圏科学関連,,,,,,,,,,,,,,,,,,,,,,,,,,,,,,,,,,,,,,,,,,,,,,,,,,,,,,,,
24KJ1324,京都大学,今村 春香,離岸流の力学的な発生機構についての数値的研究,海岸において岸から沖へ向かう離岸流は、海底や海岸地形（地形的要因）のほか、海岸に打ち寄せる水面波の形状（力学的要因）によっても発生する。力学的要因で発生する離岸流には、従来考えられてきた２つのメカニズムに加えて、現在見過ごされている可能性の高いメカニズムが存在する。本研究は、従来見過ごされてきたメカニズムも含めて調査することで、離岸流の力学的な発生メカニズムの全体像を明らかにすることを目指す。この目的のため、自ら開発した最新の数値モデルを用いて高精度の離岸流のシミュレーションを行い、離岸流の発生メカニズムを詳細に解析し、海岸に打ち寄せる波の条件と離岸流の発生メカニズムの関係について整理する。,特別研究員奨励費,小区分17020:大気水圏科学関連,,,,,,,,,,,,,,,,,,,,,,,,,,,,,,,,,,,,,,,,,,,,,,,,,,,,,,,,
24KJ1142,東京海洋大学,矢部 いつか,日本周辺の水温フロント域に形成されるサブメソスケール現象と水塊混合に関する研究,日本周辺には、日本海の北緯40度付近に分布する極前線や西部北太平洋の亜寒帯系と亜熱帯系の水塊が隣接する亜寒帯フロントといった世界有数の水温フロントが存在する。これらの海域では時空間規模の小さいサブメソスケール現象（空間スケールが10km未満、時間スケールが数時間から数日）が観測で捉えられている。,特別研究員奨励費,小区分17020:大気水圏科学関連,,,,,,,,,,,,,,,,,,,,,,,,,,,,,,,,,,,,,,,,,,,,,,,,,,,,,,,,
24KJ0879,東京大学,田村 優樹人,長期自然変動と地球温暖化が黒潮続流の十年規模変動に及ぼす影響,日本東方沖を流れる黒潮続流は、付近の海洋生態系や海盆スケールの気候変動・形成に大きな影響を及ぼすと考えられており、その変動の理解は科学的・社会的に極めて重要である。観測データに基づくこれまでの研究によって、黒潮続流は、その流路の安定性に関する十年規模変動が卓越しており、さらにこの変動が数十年規模で変調していることが示唆されている。本課題では、最新の高解像大気海洋結合モデルの実験結果の解析と、海洋モデルを用いた新たな数値実験を行い、長期自然変動や地球温暖化が黒潮続流の十年規模変動に及ぼす影響の解明を目指す。,特別研究員奨励費,小区分17020:大気水圏科学関連,,,,,,,,,,,,,,,,,,,,,,,,,,,,,,,,,,,,,,,,,,,,,,,,,,,,,,,,
24KJ0820,東京大学,上野 威,海溝および周辺海山上の深層海洋中規模変動,表層海洋の蛇行流や中規模渦は海底地形との作用により深層海洋に地形性ロスビー波を励起する。北太平洋では、表層の黒潮やその剥離渦が海溝斜面に作用することで深層に地形性ロスビー波を励起すると考えられる。北太平洋の海溝系は他海洋にない特有の海底地形であるため、そこで励起される地形性波動の実態も特有のものになると想定される。地形性ロスビー波は深層循環や乱流混合過程、物質輸送等様々な観点から自然環境に重要な現象であり、その実態を解明する必要がある。本研究は、北太平洋での複数の観測データと数値モデルを使用し、海溝系における表層・深層海洋の相互作用の実態を包括的に明らかにする。,特別研究員奨励費,小区分17020:大気水圏科学関連,,,,,,,,,,,,,,,,,,,,,,,,,,,,,,,,,,,,,,,,,,,,,,,,,,,,,,,,
24KJ0560,東京大学,寺田 雄亮,太平洋赤道上の深い循環を駆動するエネルギー供給プロセスの解明,海洋の循環は熱やさまざまな物質を運ぶことにより、我々が住む地球の気候や物質循環に大きく影響を与えている。しかし、観測の困難さから深さ数百メートルよりも深い海洋循環には多くの謎が残されている。本研究では未だ形成の仕組みが解明されていない太平洋の赤道に沿って深さ数百メートルから数千メートルの中層に現れる東西流に注目し、観測データを用いて流れの空間構造や表層の変動との関係について解析を行う。さらに循環を駆動するエネルギーの供給プロセスについて新たに三つのシナリオを提案し、各シナリオについて数値シミュレーションを用いて検証することで、深い循環を駆動する仕組みを明らかにする。,特別研究員奨励費,小区分17020:大気水圏科学関連,,,,,,,,,,,,,,,,,,,,,,,,,,,,,,,,,,,,,,,,,,,,,,,,,,,,,,,,
24KF0154,京都大学,橋口 浩之,VHF・UHF大気レーダとの同時観測によるGPM DPR降雨粒径分布推定精度向上,降雨災害の多いインドネシア海洋大陸域の災害軽減のためには降水特性の理解が重要であるが、海陸コントラスト、複雑地形などにより、全土をカバーする詳細な降雨観測に基づく研究が必要である。インドネシアには先進国のような全土をカバーする地上気象レーダー観測網は整備されていないが、近年それに代わるものとして、全球降水観測計画(GPM)衛星搭載二重偏波気象レーダー(DPR)が利用可能である。しかし、DPRは強力な測器であるが、いくつかの論文でエラーの存在が指摘されており、特に海洋大陸域で卓越する対流性降水に対するエラーが大きいと言われている。GPM DPRによる降水強度の推定精度向上を目指す。,特別研究員奨励費,小区分17020:大気水圏科学関連,,,,,,,,,,,,,,,,,,,,,,,,,,,,,,,,,,,,,,,,,,,,,,,,,,,,,,,,
25KJ1834,鳥取大学,原 優里佳,降水粒子直接観測による大雨をつくるメカニズムの解明,地球温暖化により今まで経験したことのないような大雨の発生はいつあってもおかしくない。大雨をつくるメカニズムの解明には、実際に雲の中に存在する固体降水粒子を直接観測し、その分布やふるまいを明らかにすることが必要不可欠である。本研究では、「大雨をつくる雲の中では何が起こっているのか」という問いに対して、降水粒子撮像・電荷ゾンデ（電荷Rainscopeゾンデ）という手法を用いて直接観測し、得られた降水粒子の種類や大きさに加え、帯電電荷という新たな雲微物理情報から、大雨をもたらす雲の中の固体降水粒子形成プロセスを明らかにする。,特別研究員奨励費,小区分17020:大気水圏科学関連,,,,,,,,,,,,,,,,,,,,,,,,,,,,,,,,,,,,,,,,,,,,,,,,,,,,,,,,
25KJ1477,京都大学,藤田 駿,3次元スペクトルMCMの改良およびそれを用いた高精度汎用惑星大気GCMの開発,大気の運動をコンピュータ上で再現する大気大循環モデル(GCM)の骨格部分には、運動方程式等を離散化して数値的に計算を行うメカニスティック大気大循環モデル(MCM)がある。多くのMCMで水平方向の離散化には計算精度が高いスペクトル法が用いられる他方、鉛直方向の離散化には計算精度の低い差分法が用いられている。本研究では鉛直方向の離散化にもスペクトル法を用いる3次元スペクトルMCMを改良し、高精度の離散化手法を用いたモデル上での大気循環の挙動を明らかにすることで、今後のGCM改良の指針を与える。さらに3次元スペクトルMCMを用いた高精度汎用惑星大気GCMを開発し、新たな計算基盤を構築する。,特別研究員奨励費,小区分17020:大気水圏科学関連,,,,,,,,,,,,,,,,,,,,,,,,,,,,,,,,,,,,,,,,,,,,,,,,,,,,,,,,
25KJ1402,名古屋大学,徳植 啓康,局地的豪雨をもたらす積乱雲の降水コア形成過程の解明,降水コアは、気象レーダで積乱雲を観測したときにみられるレーダ反射強度の高い領域で、降水粒子を多量に含んでいる。近年、降水コアは、積乱雲に伴う豪雨や突風などの諸現象と密接に関連していることが分かってきた。豪雨や突風に密接に関連する降水コアの形成過程や降水粒子の特徴を理解することは重要である。,特別研究員奨励費,小区分17020:大気水圏科学関連,,,,,,,,,,,,,,,,,,,,,,,,,,,,,,,,,,,,,,,,,,,,,,,,,,,,,,,,
25KJ1047,東京大学,阿隅 杏珠,平穏時及び全球ダストストーム時の火星大気3次元物質循環と波の役割の解明,ダストが全球を覆うように広がる全球ダストストーム(GDS)は火星気象における最も特徴的な大気現象であるが、その頻度は不規則であり発生メカニズムは明らかではない。そこで、地球大気において最近提案された理論を火星大気にも適用し、火星物質循環の3次元構造とその駆動メカニズムを力学的に解明する。加えて、近年蓄積されつつある複数の火星衛星によるダスト観測データ解析の結果を組み合わせることで、GDS発生時のダストの3次元的な輸送過程を明らかにする。また、大気大循環モデルの再現実験結果と比較も行う。,特別研究員奨励費,小区分17020:大気水圏科学関連,,,,,,,,,,,,,,,,,,,,,,,,,,,,,,,,,,,,,,,,,,,,,,,,,,,,,,,,
25KJ0625,東北大学,佐野 繭姫,日本周辺における夜空の明度の5つの変調要因に対する解析手法の確立と定量的影響解析,本研究では、日本全体の夜空の明度変動を明らかにするため、以下の3つの計画を実施する。A) 2013から2022年の10年間、日本の8地方の中心都市周辺を対象に高解像度大気データを用いたシミュレーションを行い、地域ごとの光害の傾向を評価・比較する。B) 雲を平行平板として取り扱い、雲の厚さや高度による明度への影響を解析し、快晴条件に限定されない夜空再現を目指す。C) SQMと全天カメラによる常時観測データを活用し、シミュレーション結果の検証・キャリブレーションを通じてモデル精度の向上と課題抽出を行う。,特別研究員奨励費,小区分17020:大気水圏科学関連,,,,,,,,,,,,,,,,,,,,,,,,,,,,,,,,,,,,,,,,,,,,,,,,,,,,,,,,
25KJ0624,東北大学,LAGARE MACATHRENESANIEL,北半球冬季中緯度からの寒気流出と熱帯メソ対流系のマルチスケール相互作用の解明,This study combines observational datasets and high-resolution numerical modeling to investigate how midlatitude cold surges modulate the formation and evolution of tropical convective systems during boreal winter.,特別研究員奨励費,小区分17020:大気水圏科学関連,,,,,,,,,,,,,,,,,,,,,,,,,,,,,,,,,,,,,,,,,,,,,,,,,,,,,,,,
25KJ0435,国立研究開発法人海洋研究開発機構,寺田 雄亮,太平洋亜赤道ジェットの力学機構の解明と海洋物質循環への影響,太平洋の深さ数百メートルよりも深い場所では東向きと西向きの海流が南北に連なった縞状構造が赤道から中緯度域まで分布することが知られており、その変動は海洋の熱・物質循環に影響を及ぼしている可能性がある。しかしながら地球の自転効果の大きさの違いから赤道域と中緯度域は力学法則が大きく異なるため、既存の理論では縞状循環全体の変動を説明することができない。そこで本研究では二つの領域を接続する亜赤道域に注目し、観測データ解析と数値シミュレーションを用いて変動をもたらすメカニズムについて検証し、さらに縞状構造の変動が海洋内部の熱・物質輸送に及ぼす影響について定量的に評価する。,特別研究員奨励費,小区分17020:大気水圏科学関連,,,,,,,,,,,,,,,,,,,,,,,,,,,,,,,,,,,,,,,,,,,,,,,,,,,,,,,,
25KJ0226,大阪大学,近藤 誠,放電経路計算から探る雲-雷相互作用の基礎原理,本研究では雲微物理過程と雷過程の両方を直接計算可能な気象雷モデルを用いることで雲粒子と電場の相互作用(雲-雷相互作用)の基礎原理を探求することを目的とする。具体的には雲微物理過程の衝突過程の計算に電場の計算結果を組み込むことで電場による雲微物理過程の活性化と、変化した雲微物理過程による電場の変化と発雷特性の変化を調査する。さらに、詳細な放電経路計算で、より高精度な電場計算結果を用いた雲-雷相互作用のさらなる探求を目指す。,特別研究員奨励費,小区分17020:大気水圏科学関連,,,,,,,,,,,,,,,,,,,,,,,,,,,,,,,,,,,,,,,,,,,,,,,,,,,,,,,,
